{"lr":0.007000000216066837,"signal_pur":0.07233910262584686,"_timestamp":1.7539551501395478e+09,"epoch":9,"trainer/global_step":399,"signal_eff":0.9945961236953735,"train_loss":0.010349396616220474,"f1":0.1346782147884369,"total_pur":0.08446348458528519,"total_eff":0.9741489291191101,"val_loss":0.010426932945847511,"_runtime":98.221475044,"_wandb":{"runtime":100},"_step":17}